,precision,recall,f1-score,support
Average,1.0,0.8,0.8888888888888888,10.0
Excellent,0.8333333333333334,0.8333333333333334,0.8333333333333334,6.0
Good,0.8181818181818182,0.9,0.8571428571428571,10.0
Poor,0.8333333333333334,1.0,0.9090909090909091,5.0
accuracy,0.8709677419354839,0.8709677419354839,0.8709677419354839,0.8709677419354839
macro avg,0.8712121212121213,0.8833333333333333,0.8721139971139972,31.0
weighted avg,0.8822091886608016,0.8709677419354839,0.8711539356700648,31.0
